,mean,median,std,min,max,mean_median_gap,missing_%,skew
person_id,187.5,187.5,108.10874155219827,1.0,374.0,0.0,0.0,0.0
age,42.18449197860963,43.0,8.67313346554724,27.0,59.0,0.8155080213903716,0.0,0.2572221422742844
sleep_duration,7.132085561497325,7.2,0.7956567308898188,5.8,8.5,0.06791443850267509,0.0,0.037554389846484834
quality_of_sleep,7.31283422459893,7.0,1.1969559197336044,4.0,9.0,0.3128342245989302,0.0,-0.20744763173836073
physical_activity_level,59.17112299465241,60.0,20.830803658071673,30.0,90.0,0.8288770053475929,0.0,0.07448690272010197
stress_level,5.385026737967914,5.0,1.7745264441985167,3.0,8.0,0.3850267379679142,0.0,0.15432958161578225
heart_rate,70.16577540106952,70.0,4.135675535112214,65.0,86.0,0.16577540106952426,0.0,1.2248235470533522
daily_steps,6816.844919786096,7000.0,1617.915679133637,3000.0,10000.0,183.1550802139036,0.0,0.17827733092832274
