,Q1,Q3,IQR,lower_fence,upper_fence,n_outliers,pct_outliers
heart_rate,68.0,72.0,4.0,62.0,78.0,15.0,4.01
person_id,94.25,280.75,186.5,-185.5,560.5,0.0,0.0
age,35.25,50.0,14.75,13.125,72.125,0.0,0.0
sleep_duration,6.4,7.8,1.3999999999999995,4.300000000000001,9.899999999999999,0.0,0.0
quality_of_sleep,6.0,8.0,2.0,3.0,11.0,0.0,0.0
physical_activity_level,45.0,75.0,30.0,0.0,120.0,0.0,0.0
stress_level,4.0,7.0,3.0,-0.5,11.5,0.0,0.0
daily_steps,5600.0,8000.0,2400.0,2000.0,11600.0,0.0,0.0
