feature,mean,std
eeg_delta_rel,0.8664443849206621,0.08503273879579132
eeg_theta_rel,0.08535794356563238,0.05294447676637628
eeg_alpha_rel,0.018315780165959777,0.018407780999893125
eeg_beta_rel,0.025632313654584682,0.02085078327393942
eog_var,6.414281752292343e-09,6.2107427302127115e-09
emg_rms,2.7115327146314055e-06,1.0384887013068013e-06
