fit_time,score_time,test_accuracy,test_precision,test_recall,test_f1,test_roc_auc
0.0071294307708740234,0.010000467300415039,1.0,1.0,1.0,1.0,1.0
0.00651097297668457,0.010182857513427734,0.9833333333333333,0.9767441860465116,1.0,0.9882352941176471,0.9986772486772487
0.006968498229980469,0.00940084457397461,1.0,1.0,1.0,1.0,1.0
0.006548881530761719,0.009701251983642578,1.0,1.0,1.0,1.0,1.0
0.006951332092285156,0.009513378143310547,0.9830508474576272,1.0,0.9761904761904762,0.9879518072289156,0.9971988795518207
