fit_time,score_time,test_accuracy,test_precision,test_recall,test_f1,test_roc_auc
0.007999181747436523,0.009000062942504883,1.0,1.0,1.0,1.0,1.0
0.0070018768310546875,0.009506702423095703,0.9833333333333333,0.9767441860465116,1.0,0.9882352941176471,0.9986772486772487
0.008785247802734375,0.008028745651245117,1.0,1.0,1.0,1.0,1.0
0.007764339447021484,0.008997201919555664,1.0,1.0,1.0,1.0,1.0
0.008002281188964844,0.00799560546875,0.9830508474576272,1.0,0.9761904761904762,0.9879518072289156,0.9971988795518207
